ChangesetId,CodeChurn
66156,136
66157,3
66158,136
66159,111
66159,111
66159,111
66160,163
66164,1
66164,1
66170,506
66170,506
66174,452
66174,452
66177,376
66177,376
66180,1521
66180,1521
66193,1
66204,139
66206,677
66209,677
66216,136
66219,136
66222,246
66222,246
66224,73270
66224,73270
66231,136
66236,4
66236,4
66253,63
66253,63
66261,90
66261,90
66264,26
66264,26
66264,26
66265,575
66265,575
66265,575
66265,575
66265,575
66267,26
66267,26
66267,26
66267,26
66267,26
66267,26
66271,113
66271,113
66272,0
66273,0
66273,0
66274,45
66274,45
66274,45
66276,0
66276,0
66278,753
66281,0
66281,0
66282,19
66282,19
66282,19
66283,0
66286,0
66287,0
66287,0
66288,0
66288,0
66288,0
66288,0
66288,0
66288,0
66289,0
66289,0
66291,0
66292,0
66294,8
66294,8
66297,0
66297,0
66298,4358
66301,850
66301,850
66304,4
66305,0
66305,0
66308,0
66308,0
66315,0
66315,0
66315,0
66319,1061
66319,1061
66319,1061
66319,1061
66319,1061
66319,1061
66320,6864
66330,1
66330,1
66333,4
66333,4
66335,7
66335,7
66342,350
66342,350
66342,350
66342,350
66348,609
66348,609
66348,609
66353,1
66353,1
66353,1
66353,1
66353,1
66353,1
66353,1
66353,1
66353,1
66353,1
66353,1
66353,1
66353,1
66353,1
66355,38
66355,38
66358,13
66358,13
66359,2
66359,2
66360,73
66360,73
66360,73
66360,73
66360,73
66360,73
66360,73
66360,73
66360,73
66360,73
66360,73
66360,73
66360,73
66360,73
66366,16
66366,16
66366,16
66374,154
66376,2
66376,2
66377,138
66389,52
66389,52
66397,41
66397,41
66400,14
66400,14
66401,1369
66401,1369
66405,14
66405,14
66406,382
66408,86
66409,81
66414,424
66416,5
66416,5
66420,2
66422,473
66422,473
66431,230
66431,230
66438,479
66438,479
66438,479
66438,479
66452,138
66458,317
66458,317
66458,317
66465,138
66466,38
66470,32
66470,32
66480,49
66480,49
66484,26
66484,26
66484,26
66488,3
66491,34
66491,34
66507,603
66507,603
66519,16
66522,2
66522,2
66526,232
66526,232
66533,1
66533,1
66534,2
66534,2
66534,2
66543,124
66546,35
66546,35
66546,35
66550,10
66550,10
66552,15
66552,15
66552,15
66552,15
66552,15
66552,15
66552,15
66552,15
66552,15
66552,15
66552,15
66555,20
66555,20
66555,20
66557,72
66557,72
66559,552
66559,552
66568,1
66568,1
66568,1
66568,1
66568,1
66568,1
66568,1
66568,1
66568,1
66568,1
66568,1
66568,1
66568,1
66568,1
66573,28
66573,28
66576,324
66576,324
66576,324
66593,16
66593,16
66599,176
66599,176
66614,341
66615,753
66616,122
66623,717
66625,205
66626,151
66626,151
66644,232
66644,232
66645,338
66645,338
66645,338
66655,53
66655,53
66655,53
66658,136
66659,367
66659,367
66665,350
66665,350
66669,46
66669,46
66671,102
66671,102
66671,102
66671,102
66671,102
66671,102
66673,2
66673,2
66673,2
66673,2
66673,2
66673,2
66673,2
66673,2
66673,2
66679,12
66679,12
66679,12
66681,40
66684,180
66705,529
66711,2444
66716,64
66716,64
66722,692
66725,254
66726,136
66728,247
66731,3
66731,3
66731,3
66731,3
66731,3
66731,3
66731,3
66731,3
66731,3
66734,274
66734,274
66736,21
66736,21
66737,247
66738,184
66738,184
66743,59
66743,59
66743,59
66744,1
66744,1
66744,1
66744,1
66744,1
66744,1
66744,1
66744,1
66744,1
66747,10
66751,4
66752,136
66758,148
66758,148
66759,200
66759,200
66766,3
66766,3
66768,25
66768,25
66771,60
66771,60
66795,162
66795,162
66801,14
66801,14
66807,206
66807,206
66812,1010
66817,3390
66822,268
66822,268
66845,136
66847,672
66847,672
66847,672
66848,1
66848,1
66848,1
66848,1
66848,1
66848,1
66848,1
66848,1
66848,1
66851,3
66852,136
66853,19
66853,19
66853,19
66857,4
66857,4
66866,17
66866,17
66867,42
66867,42
66867,42
66873,43
66873,43
66891,1231
66891,1231
66894,1
66902,34
66902,34
66902,34
66903,162
66903,162
66907,133
66912,143
66913,237
66913,237
66928,22
66928,22
66929,67
66929,67
66932,1
66936,1
66936,1
66938,176
66938,176
66945,4
66945,4
66949,1
66952,2
66957,33
66957,33
66965,162
66965,162
66973,67
66973,67
66989,476
66999,53
66999,53
66999,53
67001,62
67001,62
67002,21
67002,21
67002,21
67007,144
67007,144
67007,144
67008,133
67015,9
67015,9
67017,1
67017,1
67020,2
67024,249
67024,249
67026,1
67027,46
67028,711
67028,711
67039,1
67039,1
67040,1
67040,1
67054,1659
67094,4787
67094,4787
67095,28
67095,28
67102,1
67102,1
67107,1862
67107,1862
67109,162
67109,162
67115,614
67115,614
67127,254
67138,3084
67138,3084
67155,15
67155,15
67160,1
67160,1
67161,118
67161,118
67164,15
67164,15
67166,168
67166,168
67179,7735
67179,7735
67185,12
67191,1
67200,296
67227,235
67227,235
67228,247
67228,247
67244,174
67244,174
67244,174
67253,2472
67253,2472
67254,1012
67254,1012
67267,58
67270,271
67272,363
67285,159
67285,159
67288,143
67288,143
67291,301
67294,18
67294,18
67294,18
67295,168
67295,168
67299,118
67299,118
67304,76
67304,76
67306,14
67312,1
67313,252
67313,252
67314,101
67314,101
67315,71
67315,71
67320,174
67320,174
67330,416
67330,416
67331,66
67336,166
67339,9
67339,9
67343,2
67345,1
67371,33
67371,33
67374,2
67391,38
67391,38
67395,4
67395,4
67405,161
67405,161
67406,68
67410,1890
67410,1890
67410,1890
67432,70
67433,1
67438,112
67438,112
67438,112
67444,104
67447,1
67447,1
67451,2
67472,1
67472,1
67474,256
67474,256
67479,845
67479,845
67480,4070
67480,4070
67482,103
67484,48
67484,48
67484,48
67484,48
67489,128
67500,1
67500,1
67504,93
67504,93
67514,777
67514,777
67529,1162
67533,992
67539,11
67539,11
67541,305
67541,305
67549,2546
67549,2546
67549,2546
67549,2546
67554,25
67554,25
67559,1001
67559,1001
67569,159
67569,159
67580,149
67580,149
67585,59
67587,3
67587,3
67591,252
67596,86
67596,86
67623,33
67625,3
67627,277
67627,277
67631,298
67631,298
67638,583
67638,583
67644,127
67644,127
67651,2
67651,2
67655,1
67659,1
67671,148
67671,148
67682,16
67682,16
67685,22
67685,22
67691,2
67691,2
67696,118
67696,118
67696,118
67698,2
67698,2
67700,173
67700,173
67714,404
67714,404
67717,154
67727,1184
67734,189
67734,189
67758,436
67758,436
67759,380
67789,3
67789,3
67791,1269
67791,1269
67791,1269
67791,1269
67791,1269
67791,1269
67791,1269
67795,9
67797,11071
67797,11071
67799,96
67799,96
67799,96
67801,141
67806,22
67806,22
67810,410
67810,410
67812,1
67812,1
67814,14
67814,14
67850,13
67850,13
67859,6
67875,66
67875,66
67877,197
67877,197
67891,381
67894,52
67896,104
67896,104
67896,104
67897,184
67897,184
67900,9
67900,9
67924,11
67924,11
67941,525
67942,3
67944,7
67947,211
67948,1
67951,1014
67952,1
67956,23
67957,696
67958,168
67959,99
67970,776
67970,776
67970,776
67975,237
67975,237
67977,110
67977,110
67980,1
67980,1
67986,35
67995,93
67995,93
67997,118
67997,118
67998,1088
67998,1088
68001,241
68001,241
68005,182
68024,27424
68027,364
68027,364
68029,2376
68029,2376
68029,2376
68030,1
68030,1
68031,457
68031,457
68052,1
68052,1
68057,1
68057,1
68059,1
68063,1
68063,1
68065,12
68071,427
68071,427
68071,427
68071,427
68079,2
68079,2
68081,1
68081,1
68086,109
68086,109
68090,4
68090,4
68091,1
68095,109
68095,109
68096,189
68096,189
68098,46
68099,170488
68100,210
68100,210
68100,210
68100,210
68100,210
68100,210
68100,210
68100,210
68100,210
68100,210
68100,210
68100,210
68100,210
68100,210
68100,210
68100,210
68100,210
68100,210
68100,210
68100,210
68100,210
68100,210
68106,400
68106,400
68124,960
68124,960
68126,1034
68126,1034
68126,1034
68126,1034
68141,394
68141,394
68145,4526
68145,4526
68146,1
68146,1
68155,950
68155,950
68161,39
68161,39
68162,1
68162,1
68166,28
68166,28
68166,28
68166,28
68166,28
68166,28
68166,28
68166,28
68166,28
68166,28
68166,28
68166,28
68166,28
68166,28
68166,28
68166,28
68166,28
68169,1574
68178,111
68178,111
68185,59
68185,59
68194,260
68194,260
68196,169
68200,9
68200,9
68202,20
68202,20
68214,1
68217,294
68239,12
68239,12
68239,12
68245,83
68247,3
68248,1
68248,1
68250,2
68250,2
68250,2
68250,2
68250,2
68250,2
68250,2
68250,2
68250,2
68250,2
68250,2
68250,2
68250,2
68250,2
68250,2
68250,2
68250,2
68251,128
68251,128
68257,316
68257,316
68259,1
68259,1
68260,8
68260,8
68264,74
68264,74
68268,6
68271,2
68271,2
68271,2
68275,2
68283,90
68283,90
68287,602
68287,602
68288,3
68289,513
68289,513
68295,387
68295,387
68299,401
68299,401
68311,840
68312,33
68312,33
68325,69
68326,49
68326,49
68329,593
68329,593
68329,593
68330,5
68338,201
68338,201
68339,2
68339,2
68342,619
68342,619
68342,619
68342,619
68342,619
68342,619
68342,619
68342,619
68342,619
68342,619
68342,619
68342,619
68342,619
68342,619
68342,619
68342,619
68342,619
68342,619
68342,619
68342,619
68342,619
68342,619
68345,11
68347,1
68347,1
68354,142
68354,142
68354,142
68359,534
68359,534
68375,164
68375,164
68376,5
68376,5
68379,376
68380,1
68380,1
68381,241
68382,104
68383,76
68383,76
68390,11
68390,11
68391,5
68391,5
68391,5
68391,5
68391,5
68391,5
68391,5
68391,5
68391,5
68391,5
68391,5
68395,202
68395,202
68397,396
68397,396
68402,2221
68402,2221
68403,3
68403,3
68426,7
68426,7
68427,22
68427,22
68427,22
68427,22
68427,22
68427,22
68427,22
68427,22
68427,22
68436,2
68436,2
68463,14
68466,314
68467,78
68467,78
68471,1
68471,1
68475,13
68475,13
68475,13
68475,13
68475,13
68475,13
68475,13
68496,1290
68496,1290
68496,1290
68501,34
68501,34
68504,197
68504,197
68507,1
68507,1
68509,2
68509,2
68512,1
68512,1
68514,5
68514,5
68516,60
68521,1
68521,1
68526,1
68526,1
68532,505
68532,505
68544,463
68544,463
68544,463
68544,463
68544,463
68544,463
68544,463
68544,463
68544,463
68544,463
68544,463
68544,463
68544,463
68544,463
68544,463
68544,463
68544,463
68544,463
68544,463
68544,463
68544,463
68544,463
68545,2
68545,2
68547,7
68553,2
68553,2
68580,131
68580,131
68580,131
68580,131
68591,1313
68591,1313
68592,779
68592,779
68594,40798
68602,2
68602,2
68606,2
68606,2
68616,60
68620,31
68620,31
68649,83
68649,83
68649,83
68649,83
68649,83
68649,83
68649,83
68649,83
68649,83
68649,83
68649,83
68649,83
68655,88
68657,27
68661,444
68664,2
68665,459
68671,444
68676,611
68676,611
68700,48
68700,48
68702,771
68702,771
68702,771
68702,771
68705,21
68705,21
68705,21
68714,1143
68721,224
68721,224
68721,224
68721,224
68745,244
68745,244
68746,3
68746,3
68749,562
68749,562
68749,562
68749,562
68749,562
68749,562
68749,562
68749,562
68749,562
68749,562
68749,562
68749,562
68749,562
68749,562
68749,562
68749,562
68749,562
68749,562
68749,562
68749,562
68749,562
68749,562
68770,2
68771,4
68779,2
68779,2
68787,3
68787,3
68787,3
68787,3
68787,3
68787,3
68787,3
68787,3
68787,3
68787,3
68787,3
68787,3
68792,977
68792,977
68792,977
68794,1925
68794,1925
68796,1
68796,1
68796,1
68823,245
68830,13
68830,13
68830,13
68830,13
68830,13
68830,13
68830,13
68831,1
68838,26
68838,26
68841,2
68841,2
68841,2
68841,2
68841,2
68841,2
68841,2
68841,2
68841,2
68841,2
68841,2
68841,2
68843,11
68843,11
68843,11
68843,11
68843,11
68843,11
68843,11
68843,11
68843,11
68843,11
68843,11
68843,11
68843,11
68843,11
68843,11
68843,11
68843,11
68843,11
68843,11
68843,11
68843,11
68843,11
68845,3
68845,3
68846,4
68852,1
68852,1
68873,764
68873,764
68890,105
68890,105
68890,105
68903,19
68903,19
68918,7180
68918,7180
68918,7180
68918,7180
68918,7180
68918,7180
68922,72
68954,207
68954,207
68954,207
68980,687
68980,687
68980,687
69007,571
69007,571
69007,571
69019,175
69019,175
69034,1740
69034,1740
69036,1
69040,1499
69040,1499
69040,1499
69043,383
69043,383
69050,492
69050,492
69055,3332
69060,3332
69065,5
69065,5
69069,3
69077,42
69081,73
69081,73
69082,1629
69082,1629
69085,1633
69085,1633
69088,1
69088,1
69089,1
69089,1
69090,574
69090,574
69091,129
69091,129
69105,2
69105,2
69118,197
69119,269
69120,610
69140,963
69140,963
69150,2
69150,2
69159,295
69159,295
69162,578
69162,578
69172,96
69174,1
69174,1
69212,1
69212,1
69214,118
69214,118
69215,1
69215,1
69228,2
69228,2
69233,152
69233,152
69253,85
69253,85
69263,9
69294,31
69294,31
69296,614
69296,614
69301,126
69301,126
69310,33
69310,33
69313,3
69316,84
69316,84
69316,84
69317,83
69317,83
69341,10
69341,10
69346,2
69346,2
69363,63
69363,63
69387,6172
69391,20
69393,47
69394,949
69394,949
69394,949
69394,949
69394,949
69394,949
69394,949
69398,173
69405,5
69405,5
69407,225
69407,225
69409,80
69428,102
69428,102
69430,1
69430,1
69461,1
69461,1
69464,36
69464,36
69464,36
69466,320
69466,320
69467,1
69469,6
69473,8
69473,8
69490,198
69490,198
69509,25
69526,2
69526,2
69540,60
69540,60
69541,410
69541,410
69541,410
69544,80
69544,80
69544,80
69547,2
69547,2
69547,2
69554,2
69554,2
69557,12
69557,12
69559,128
69559,128
69577,1
69577,1
69579,1
69579,1
69583,1421
69583,1421
69583,1421
69594,61
69594,61
69594,61
69596,3
69596,3
69598,34
69598,34
69600,188
69602,1426
69602,1426
69602,1426
69609,1019
69609,1019
69628,27424
69630,306
69637,716
69639,1769
69643,233
69646,445
69654,1
69654,1
69655,9
69658,76
69658,76
69658,76
69669,79
69669,79
69671,2
69671,2
69671,2
69684,14
69684,14
69685,92
69685,92
69690,19
69710,6001
69710,6001
69711,413
69715,532
69715,532
69716,199
69717,69
69717,69
69719,59
69719,59
69728,327
69728,327
69754,305
69754,305
69761,2
69761,2
69765,885
69768,359
69771,738
69771,738
69773,200
69773,200
69773,200
69773,200
69773,200
69778,71
69778,71
69783,9
69783,9
69783,9
69784,89
69784,89
69784,89
69802,1509
69802,1509
69803,596
69803,596
69806,248
69822,497
69822,497
69822,497
69826,7
69826,7
69826,7
69831,232
69831,232
69833,141
69833,141
69836,2600
69836,2600
69837,256
69837,256
69838,68
69838,68
69845,536
69845,536
69845,536
69853,1
69853,1
69856,1
69856,1
69856,1
69865,11
69865,11
69872,3
69872,3
69873,147
69878,0
69878,0
69879,0
69880,0
69886,17
69886,17
69893,0
69893,0
69894,342
69894,342
69894,342
69895,0
69896,81
69896,81
69896,81
69898,0
69898,0
69899,1
69899,1
69901,170
69901,170
69901,170
69903,61
69903,61
69907,0
69909,86
69909,86
69924,460
69924,460
69931,0
69931,0
69938,0
69941,79
69942,0
69942,0
69943,0
69944,1633
69945,0
69946,4493
69947,1
69947,1
69947,1
69948,0
69948,0
69949,0
69950,0
69951,0
69951,0
69952,0
69952,0
69953,46
69953,46
69954,0
69954,0
69955,8
69957,0
69957,0
69958,0
69959,0
69959,0
69960,3
69961,1
69961,1
69962,0
69962,0
69963,0
69963,0
69964,0
69965,0
69966,0
69967,0
69968,143
69968,143
69987,0
69987,0
69989,0
69989,0
69989,0
69990,0
69994,0
69994,0
69994,0
69997,0
69997,0
69998,0
70000,366
70000,366
70002,12
70002,12
70003,0
70003,0
70004,0
70004,0
70008,0
70008,0
70010,0
70010,0
70010,0
70013,0
70013,0
70014,0
70014,0
70014,0
70015,0
70015,0
70015,0
70017,0
70017,0
70031,0
70031,0
70035,162
70035,162
70036,0
70036,0
70048,590
70049,1
70050,0
70051,1
70052,2750
70053,0
70054,0
70055,0
70064,207
70064,207
70064,207
70065,4
70068,4
70068,4
70077,1127
70077,1127
70077,1127
70081,4
70089,341
70089,341
70113,1
70113,1
70116,0
70116,0
70116,0
70117,47
70117,47
70119,134
70119,134
70126,2324
70126,2324
70127,0
70127,0
70135,1832
70135,1832
70136,670
70136,670
70137,0
70138,0
70139,784
70140,0
70141,0
70142,0
70143,0
70143,0
70144,0
70145,0
70146,0
70146,0
70147,0
70151,5
70151,5
70152,572
70152,572
70153,0
70153,0
70155,6
70156,4
70157,0
70157,0
70159,0
70162,0
70162,0
70162,0
70163,0
70170,0
70170,0
70171,0
70171,0
70171,0
70172,0
70172,0
70174,0
70175,0
70175,0
70176,0
70176,0
70178,0
70178,0
70179,0
70179,0
70179,0
70181,0
70181,0
70185,183
70185,183
70189,0
70226,861
70227,53
70230,111
70233,0
70233,0
70234,1025
70235,1
70235,1
70235,1
70235,1
70235,1
70235,1
70236,0
70237,0
70238,0
70238,0
70239,0
70239,0
70241,0
70243,30
70243,30
70244,4
70245,0
70248,5
70248,5
70251,36
70251,36
70251,36
70252,0
70252,0
70254,0
70255,0
70257,0
70257,0
70259,0
70265,0
70265,0
70283,0
70284,0
70284,0
70289,1
70289,1
70293,113
70293,113
70297,673
70297,673
70301,0
70301,0
70312,0
70313,0
70314,707
70315,212
70315,212
70316,107
70317,0
70317,0
70318,0
70318,0
70319,0
70320,0
70321,0
70321,0
70321,0
70322,0
70323,0
70324,0
70325,0
70325,0
70326,0
70326,0
70327,0
70330,0
70330,0
70331,0
70334,0
70334,0
70337,0
70337,0
70338,0
70341,1
70341,1
70350,810
70350,810
70351,0
70351,0
70353,517
70353,517
70354,0
70356,255
70357,1
70357,1
70359,1
70359,1
70359,1
70364,0
70364,0
70367,0
70367,0
70373,0
70376,0
70379,0
70379,0
70380,5493
70381,5493
70385,0
70385,0
70385,0
70387,0
70387,0
70388,0
70388,0
70397,0
70397,0
70400,0
70400,0
70425,139
70428,95
70428,95
70429,64
70433,1
70433,1
70434,158
70435,184
70438,845
70439,766
70440,642
70444,39
70444,39
70450,348
70451,647
70453,274
70453,274
70459,112
70459,112
70459,112
70459,112
70472,1
70472,1
70474,1
70474,1
70488,70
70489,369
70489,369
70494,1
70508,788
70508,788
70518,211
70518,211
70518,211
70525,1265
70525,1265
70537,90
70537,90
70542,2559
70542,2559
70542,2559
70542,2559
70543,1248
70566,1
70569,59
70569,59
70574,59
70574,59
70584,1
70584,1
70591,58
70591,58
70591,58
70591,58
70601,178
70601,178
70616,105
70616,105
70618,990
70618,990
70622,811
70622,811
70637,49
70640,329
70640,329
70643,6
70664,282
70664,282
70673,50
70673,50
70679,149
70679,149
70679,149
70679,149
70681,42
70681,42
70692,430
70692,430
70692,430
70692,430
70697,1
70697,1
70700,22984
70700,22984
70706,104
70707,29
70707,29
70708,846
70708,846
70748,1
70749,1
70750,104
70750,104
70755,379
70757,338
70757,338
70757,338
70757,338
70759,211
70759,211
70760,353
70760,353
70764,1
70765,219
70774,39
70774,39
70812,1
70812,1
70823,1
70823,1
70838,191
70838,191
70840,207
70843,103
70854,224
70854,224
70856,113
70868,1259
70868,1259
70869,1
70869,1
70872,87
70872,87
70872,87
70890,28
70890,28
70892,144
70892,144
70902,2652
70902,2652
70935,18
70937,1
70937,1
70939,1
70940,80
70940,80
70942,1214
70943,31
70943,31
70945,765
70946,70
70951,2
70951,2
70951,2
70959,256
70959,256
70964,370
70964,370
70969,2
70969,2
70998,2
70998,2
71024,565
71024,565
71034,627
71034,627
71045,107
71051,836
71053,80
71055,799
71062,130
71062,130
71075,184
71075,184
71082,2
71082,2
71083,2
71083,2
71090,2
71090,2
71096,322
71096,322
71097,8
71097,8
71103,14
71103,14
71103,14
71105,595696
71122,1
71122,1
71147,239
71147,239
71174,1
71174,1
71178,99
71185,693
71193,510
71193,510
71196,1
71205,2
71205,2
71209,2126
71209,2126
71209,2126
71222,1004
71234,194
71234,194
71235,25
71235,25
71245,348
71260,1
71293,214
71293,214
71314,84
71315,25
71323,173
71330,1
71336,63
71336,63
71342,170
71342,170
71342,170
71352,11
71352,11
71357,62
71357,62
71399,1107
71399,1107
71406,158
71406,158
71408,3256
71408,3256
71414,12
71415,417
71422,14
71426,204
71427,216
71428,40
71428,40
71428,40
71431,886
71431,886
71431,886
71433,493
71444,67
71453,426
71453,426
71475,77
71475,77
71504,21
71512,188
71512,188
71514,104
71515,331
71528,92
71528,92
71534,6
71534,6
71534,6
71534,6
71560,3
71560,3
71582,93
71582,93
71588,239
71588,239
71600,2928
71610,127
71610,127
71625,8
71629,241
71630,887
71630,887
71633,95
71635,1
71637,178
71637,178
71640,2
71640,2
71640,2
71643,1
71643,1
71647,1
71647,1
71650,1
71650,1
71676,72
71676,72
71676,72
71682,5
71682,5
71697,3
71705,1
71705,1
71743,184
71743,184
71756,8393
71756,8393
71769,283
71773,96
71790,1
71790,1
71800,12
71800,12
71803,39
71803,39
71813,3
71813,3
71813,3
71813,3
71832,278
71832,278
71855,2
71855,2
71870,229
71870,229
71877,1
71877,1
71886,1
71889,545
71889,545
71909,3
71910,2594
71910,2594
71913,152
71914,302
71921,192
71923,327
71935,28
71935,28
71936,898
71936,898
71947,1
71947,1
71948,1
71948,1
71954,1
71954,1
71960,2
71960,2
71960,2
71963,944
71963,944
71969,27
71969,27
71969,27
71973,2
71973,2
71982,54
71982,54
71985,1
71985,1
72006,41
72010,267
72022,380
72022,380
72022,380
72038,568
72038,568
72038,568
72038,568
72073,1
72073,1
72073,1
72073,1
72073,1
72087,2818
72087,2818
72087,2818
72087,2818
72093,95
72097,8733
72097,8733
72098,37
72098,37
72124,3
72124,3
72125,248
72125,248
72142,155
72142,155
72145,377
72145,377
72169,770
72169,770
72175,253
72175,253
72178,1
72178,1
72183,1
72183,1
72188,1
72188,1
72207,380
72207,380
72237,380
72237,380
72237,380
72244,283
72244,283
72263,938
72263,938
72300,317
72313,4
72313,4
72313,4
72313,4
72316,72
72316,72
72318,643
72318,643
72322,802
72322,802
72322,802
72342,42
72342,42
72342,42
72348,11
72373,19
72373,19
72375,489
72375,489
72375,489
72382,1
72382,1
72382,1
72382,1
72398,22
72398,22
72400,14
72400,14
72400,14
72408,1
72408,1
72420,613
72420,613
72431,100
72438,207
72438,207
72450,1
72450,1
72461,43
72461,43
72461,43
72461,43
72470,21
72474,4
72474,4
72474,4
72474,4
72478,20
72479,505
72479,505
72479,505
72483,193
72483,193
72491,1
72491,1
72492,744
72492,744
72517,73
72525,232
72531,160
72533,338
72533,338
72533,338
72536,136
72536,136
72536,136
72537,1
72537,1
72546,3
72546,3
72546,3
72546,3
72551,1064
72551,1064
72551,1064
72560,81
72560,81
72560,81
72564,2697
72581,2
72581,2
72588,23
72588,23
72592,314
72592,314
72599,3592
72599,3592
72645,1
72645,1
72646,2
72646,2
72655,547
72655,547
72655,547
72686,110
72689,6
72689,6
72694,198
72705,30
72705,30
72705,30
72707,552
72707,552
72707,552
72707,552
72707,552
72707,552
72715,237
72715,237
72715,237
72715,237
72715,237
72721,379
72721,379
72721,379
72728,1
72728,1
72748,48
72748,48
72750,343
72753,484
72754,990
72767,1
72769,212
72769,212
72769,212
72800,1
72808,7
72808,7
72808,7
72824,705
72825,1
72825,1
72830,9
72830,9
72835,480
72835,480
72835,480
72836,2
72836,2
72836,2
72837,65
72837,65
72859,67
72859,67
72871,657
72872,2586
72876,241
72882,10
72882,10
72882,10
72882,10
72884,9
72884,9
72897,4
72897,4
72897,4
72901,15
72901,15
72903,6
72904,137
72904,137
72921,3
72921,3
72927,23
72927,23
72927,23
72953,1
72953,1
72965,4
73002,9
73006,37
73014,333
73014,333
73014,333
73017,2
73023,304
73025,138155
73039,1
73041,138369
73056,424
73056,424
73061,327
73061,327
73061,327
73065,320
73070,158
73070,158
73070,158
73079,36
73092,605
73092,605
73092,605
73092,605
73092,605
73096,285
73102,522
73102,522
73111,1
73111,1
73111,1
73118,59
73119,1
73142,18
73142,18
73142,18
73163,1
73163,1
73191,426
73191,426
73191,426
73199,1
73199,1
73204,2
73204,2
73204,2
73209,143
73209,143
73215,27
73216,66
73219,23
73219,23
73220,276
73221,1
73223,188
73226,3767
73277,84
73277,84
73279,73
73279,73
73298,97
73300,623
73302,5
73308,391
73317,566
73317,566
73318,1
73318,1
73320,1
73320,1
73336,1
73336,1
73353,486
73353,486
73353,486
73380,4
73380,4
73398,11540
73398,11540
73407,83
73408,12
73409,33
73410,69
73410,69
73411,249
73412,51
73416,125
73429,431
73429,431
73429,431
73442,5
73442,5
73443,5
73443,5
73446,265
73446,265
73467,1
73468,973
73468,973
73471,39
73471,39
73472,1043
73472,1043
73478,229
73478,229
73480,4
73484,104
73484,104
73485,603
73486,926
73487,724
73497,9
73521,1243
73541,1864
73543,1864
73567,969
73567,969
73574,257
73575,375
73578,12
73581,2
73581,2
73595,990
73595,990
73602,1
73602,1
73602,1
73609,1
73609,1
73609,1
73622,387
73622,387
73625,255
73625,255
73641,588
73641,588
73641,588
73646,16
73646,16
73648,835
73648,835
73650,1
73650,1
73669,4
73670,98
73671,1
73672,397
73673,83
73675,2035
73676,1
73677,1
73679,314
73701,1
73701,1
73701,1
73701,1
73701,1
73707,124
73707,124
73708,52
73708,52
73709,1
73709,1
73710,1
73710,1
73712,53
73712,53
73731,265
73731,265
73731,265
73733,194
73736,165
73738,769
73738,769
73758,94
73758,94
73758,94
73758,94
73758,94
73762,1
73762,1
73764,1
73764,1
73769,242
73769,242
73769,242
73771,13
73771,13
73771,13
73781,1643
73781,1643
73809,3
73810,1
73812,315
73812,315
73813,161
73840,160
73851,1
73851,1
73865,100
73865,100
73865,100
73867,102
73867,102
73884,26
73884,26
73884,26
73902,1
73902,1
73915,86
73915,86
73918,2
73920,2000
73922,5
73929,733
73932,8181
73945,14
73945,14
73948,272
73948,272
73973,301
73973,301
73973,301
73982,203
73982,203
73993,144
73993,144
73993,144
74022,2
74023,60
74024,1
74025,1
74026,1
74027,1
74028,1
74031,2532
74033,948
74036,2957
74036,2957
74036,2957
74068,204
74068,204
74068,204
74069,2317
74069,2317
74069,2317
74069,2317
74089,26
74090,1
74091,4
74092,167
74093,10
74095,208
74100,1473
74107,30
74107,30
74107,30
74149,3
74150,1
74151,66
74152,1
74153,1
74180,2
74180,2
74196,1
74196,1
74199,1
74199,1
74200,1876
74200,1876
74204,1
74204,1
74215,263
74215,263
74215,263
74216,1271
74216,1271
74217,57992
74217,57992
74219,79
74219,79
74230,2
74230,2
74234,359
74234,359
74236,2
74240,1
74241,4
74242,129
74245,305
74246,7989
74270,1325
74270,1325
74270,1325
74286,368
74286,368
74286,368
74310,2
74310,2
74314,624
74314,624
74314,624
74316,40734
74316,40734
74337,3
74337,3
74340,40
74342,4
74347,223
74348,15
74348,15
74349,795
74350,1
74350,1
74352,2
74359,14
74362,22
74393,1
74393,1
74394,1
74394,1
74410,1822
74410,1822
74410,1822
74410,1822
74412,190
74412,190
74425,149
74425,149
74428,2
74429,11
74429,11
74432,5
74432,5
74433,1
74433,1
74434,5
74436,15
74436,15
74437,2
74437,2
74438,3
74439,1
74439,1
74462,78
74469,319
74469,319
74496,12105
74510,3
74518,8
74557,1139
74557,1139
74573,175
74574,179
74575,93
74576,158
74577,4
74579,7
74580,369
74584,404
74594,1
74594,1
74594,1
74594,1
74601,4
74605,2
74618,419
74618,419
74622,3
74625,2
74631,2
74635,1371
74635,1371
74635,1371
74640,205
74640,205
74645,2
74648,111
74652,1
74654,395
74658,146
74676,2
74692,2
74700,2
74701,1
74701,1
74710,322
74716,257
74716,257
74720,184
74720,184
74729,150
74733,2
74735,1
74736,13
74738,1
74739,1
74751,2
74751,2
74777,177
74804,1
74805,2
74807,157
74809,137
74824,4
74834,4
74853,2
74867,1900
74867,1900
74875,657
74875,657
74877,49
74877,49
74883,1
74883,1
74884,2
74886,79
74888,3
74889,3
74892,1
74893,553
74896,1
74899,3
74900,127
74900,127
74901,2843
74901,2843
74904,3671
74904,3671
74905,93
74905,93
74913,2
74943,31
74956,391
74956,391
74963,153
74963,153
74965,578
74965,578
74982,2
74983,1
74984,678
74985,7
74986,3
74987,53
74990,1
74990,1
75040,1059
75040,1059
75043,68
75054,7
75056,249
75058,180
75060,226
75063,606
75071,2
75077,2
75088,27
75121,1007
75141,1678
75141,1678
75141,1678
75141,1678
75158,2
75162,27
75189,1302
75226,14841
75226,14841
75249,2
75257,4136
75258,89
75261,3
75264,2
75264,2
75268,69
75269,2
75271,500
75271,500
75298,584
75298,584
75298,584
75315,1
75316,1073
75316,1073
75317,2677
75322,1
75328,1493
75328,1493
75335,1188
75335,1188
75355,381
75369,2
75372,36
75372,36
75372,36
75372,36
75412,678
75412,678
75421,551
75430,1
75432,700
75448,130
75448,130
75460,2779
75469,80
75469,80
75485,3
75485,3
75485,3
75490,2252
75490,2252
75496,264085
75496,264085
75496,264085
75496,264085
75496,264085
75500,6
75501,3
75502,1
75505,41
75505,41
75506,81
75506,81
75507,135
75508,108
75524,429
75525,2
75528,2
75538,555
75538,555
75551,181
75551,181
75574,360
75575,287
75603,119
75603,119
75610,996
75610,996
75626,689
75638,979
75639,694
75640,694
75652,8036
75652,8036
75652,8036
75656,2
75684,4
75684,4
75712,6
75758,2
75758,2
75769,4
75769,4
75769,4
75770,634
75770,634
75771,401
75772,22
75774,1
75774,1
75780,7755
75780,7755
75781,3
75787,319
75787,319
75787,319
75787,319
75787,319
75865,1
75865,1
75866,567
75866,567
75868,863
75870,2
75890,1
75897,110
75902,6
75904,2
75910,2
75942,99
75942,99
75951,103
75954,14
75957,1177
76000,109
76000,109
76018,638
76018,638
76018,638
76018,638
76018,638
76025,153
76025,153
76027,129
76027,129
76029,829
76029,829
76029,829
76044,1
76045,1
76047,8
76054,508
76056,561
76066,9
76102,1
76102,1
76112,154
76112,154
76134,2
76134,2
76144,1
76145,30
76147,1024
76149,536
76149,536
76158,88
76158,88
76163,1
76163,1
76172,1
76176,44
76176,44
76176,44
76176,44
76198,100
76198,100
76204,1
76204,1
76206,1
76206,1
76238,1
76238,1
76238,1
76248,319
76248,319
76279,1
76279,1
76280,64
76284,2
76290,259
76292,64
76325,1
76325,1
76326,18
76326,18
76328,244
76328,244
76338,1
76338,1
76352,38
76352,38
76356,2
76356,2
76356,2
76369,12
76370,2
76372,4
76373,4
76375,70
76388,1
76388,1
76444,2343
76444,2343
76444,2343
76454,328
76454,328
76456,1
76456,1
76461,226
76461,226
76467,28
76467,28
76470,599
76478,1
76503,8
76503,8
76505,1
76505,1
76507,1
76507,1
76508,94
76508,94
76508,94
76512,3
76512,3
76514,1093
76514,1093
76531,20
76531,20
76531,20
76531,20
76531,20
76541,48
76541,48
76544,451
76546,36
76547,1231
76550,1
76551,299
76559,185
76559,185
76559,185
76559,185
76561,2802
76561,2802
76561,2802
76567,128
76567,128
76583,3
76583,3
76583,3
76583,3
76583,3
76583,3
76583,3
76586,36
76586,36
76587,2761
76587,2761
76591,956
76591,956
76600,184
76601,74
76604,183
76625,1
76625,1
76626,46
76626,46
76635,3
76635,3
76635,3
76647,1428
76652,138
76652,138
76655,384
76655,384
76670,1
76671,2
76673,52
76674,2627
76676,187
76685,39
76685,39
76686,1
76697,2
76697,2
76698,2
76698,2
76702,160
76702,160
76706,6
76706,6
76737,984
76739,2
76766,2466
76766,2466
76767,60
76767,60
76769,52
76769,52
76770,244
76770,244
76772,236
76772,236
76773,728
76773,728
76775,75
76775,75
76775,75
76779,99
76779,99
76781,27
76781,27
76785,2167
76785,2167
76785,2167
76798,9069
76798,9069
76801,1
76803,5
76805,1
76808,470
76810,306
76810,306
76815,202
76820,80
76827,42
76827,42
76829,466
76829,466
76836,1
76836,1
76837,1
76837,1
76840,27
76840,27
76844,4
76844,4
76847,4
76847,4
76848,151
76848,151
76851,1207
76851,1207
76879,234
76879,234
76897,1
76898,7
76899,254
76899,254
76900,4
76902,2
76903,2
76904,1
76906,304
76906,304
76907,112
76909,2401
76912,760
76912,760
76935,289
76935,289
76937,37
76937,37
76944,87
76944,87
76966,151
76966,151
76966,151
76976,3
76979,1
76980,1433
76980,1433
76981,1016
76982,13
76982,13
76985,1552
76986,253
76987,191
76988,1
76988,1
76988,1
77003,774
77003,774
77003,774
77008,1
77008,1
77025,168
77025,168
77044,3402
77044,3402
77046,87
77046,87
77067,1
77069,2
77071,183
77072,3
77073,275
77080,653
77080,653
77081,1579
77081,1579
77086,106
77086,106
77094,1
77094,1
77100,203
77100,203
77100,203
77109,61
77109,61
77109,61
77119,385
77119,385
77119,385
77123,11
77123,11
77131,301
77131,301
77153,39
77153,39
77157,1029
77157,1029
77160,151
77160,151
77163,1
77164,1
77166,2
77169,1
77170,32
77172,1945
77173,1
77175,57
77176,468
77177,2
77180,1
77185,263
77192,3
77192,3
77194,3
77194,3
77203,71
77203,71
77220,2
77220,2
77227,113
77227,113
77231,1111
77231,1111
77234,1
77235,356
77240,10
77260,3004
77260,3004
77278,814
77278,814
77284,2062
77284,2062
77296,798
77297,1094
77316,972
77316,972
77316,972
77317,355
77317,355
77334,471
77334,471
77344,164
77344,164
77359,346
77360,211
77361,2
77361,2
77378,431
77378,431
77400,463
77400,463
77405,2
77405,2
77417,457
77417,457
77417,457
77424,264
77445,468
77445,468
77448,294
77448,294
77454,16
77454,16
77454,16
77454,16
77464,2465
77464,2465
77470,2172
77470,2172
77488,825
77489,246
77490,586
77491,486
77492,755
77494,797
77504,301
77504,301
77506,46
77506,46
77515,409
77515,409
77518,1
77518,1
77527,2288
77527,2288
77528,71
77528,71
77546,140
77546,140
77558,176
77558,176
77573,188
77573,188
77580,9
77583,185
77585,4
77588,52
77589,20
77589,20
77589,20
77590,45
77590,45
77619,748
77619,748
77621,263
77621,263
77623,263
77623,263
77626,1
77626,1
77626,1
77632,61
77632,61
77634,1200
77634,1200
77641,395
77641,395
77643,305
77643,305
77647,69
77651,19
77652,21
77680,1
77682,878
77682,878
77682,878
77682,878
77682,878
77683,14
77683,14
77700,184
77700,184
77701,215
77701,215
77701,215
77725,2
77725,2
77726,632
77726,632
77748,65
77749,60
77751,3
77753,3
77760,5
77761,1
77764,194
77770,4521
77774,4334
77776,2
77776,2
77777,4521
77783,183
77783,183
77785,2
77787,1
77795,338
77795,338
77799,102
77799,102
77799,102
77805,632
77805,632
77805,632
77811,36
77811,36
77814,2
77814,2
77816,1
77816,1
77818,35
77818,35
77823,335
77823,335
77824,2
77824,2
77829,2156
77829,2156
77851,20
77851,20
77851,20
77854,156
77854,156
77855,559
77856,171
77859,3
77860,21
77860,21
77861,3
77864,2
77868,472
77874,2
77874,2
77891,235
77892,2
77895,69
77895,69
77911,1
77911,1
77915,34
77915,34
77917,161
77917,161
77925,1
77925,1
77925,1
77930,322
77930,322
77934,10
77934,10
77942,153
77942,153
77943,23
77944,1
77947,84
77947,84
77948,322
77956,1388
77984,321
77984,321
77984,321
77988,57
77988,57
77988,57
77993,97
77993,97
77993,97
78019,80
78019,80
78025,1
78026,1
78027,452
78028,6
78030,3
78060,17
78060,17
78060,17
78061,50
78061,50
78062,428
78064,216
78066,5
78070,194
78070,194
78072,1
78072,1
78073,1
78073,1
78085,28
78085,28
78087,256
78087,256
78087,256
78106,5
78106,5
78106,5
78118,362
78119,117
78119,117
78120,418
78120,418
78122,159
78124,4
78142,114
78142,114
78146,1
78146,1
78152,774
78152,774
78158,4
78158,4
78158,4
78159,1
78159,1
78162,6
78168,4
78194,125
78194,125
78218,2
78219,1
78220,6
78221,3
78222,1
78224,103
78225,2
78226,31
78230,135
78231,1079
78236,4
78236,4
78237,2277
78237,2277
78237,2277
78244,479
78244,479
78246,44
78246,44
78249,175
78249,175
78260,17
78260,17
78265,330
78265,330
78265,330
78265,330
78272,1018
78275,1018
78282,107
78282,107
78282,107
78282,107
78282,107
78289,1
78289,1
78289,1
78294,280
78294,280
78303,33
78305,806
78305,806
78311,7
78313,109
78314,161
78315,95
78316,1
78316,1
78318,15
78323,1111
78323,1111
78366,1
78366,1
78374,735
78374,735
78374,735
78394,1
78394,1
78395,151
78395,151
78409,341
78412,9
78413,14
78418,15
78419,15
78439,150
78439,150
78439,150
78439,150
78439,150
78468,72
78468,72
78468,72
78481,2
78484,122
78484,122
78486,80
78486,80
78495,243
78495,243
78500,209
78500,209
78500,209
78515,8
78515,8
78519,469
78521,469
78533,236
78540,1
78540,1
78541,1
78541,1
78551,148
78551,148
78551,148
78551,148
78552,708
78552,708
78553,1
78553,1
78563,1039
78563,1039
78563,1039
78568,842
78568,842
78592,109
78593,7
78594,2
78596,2
78598,128
78606,1
78606,1
78606,1
78610,282
78610,282
78610,282
78611,169
78611,169
78611,169
78615,128
78615,128
78615,128
78624,1
78624,1
78636,1056
78636,1056
78639,69
78639,69
78639,69
78639,69
78641,241
78641,241
78641,241
78641,241
78641,241
78666,12
78666,12
78667,175
78667,175
78668,803
78668,803
78671,117
78672,3
78673,52
78675,158
78678,9
78681,147
78685,224
78685,224
78685,224
78699,981
78699,981
78699,981
78712,23
78712,23
78722,1
78722,1
78727,2
78727,2
78744,212
78744,212
78754,8680
78754,8680
78758,82
78762,1
78763,125
78763,125
78764,61
78764,61
78770,1371
78773,489
78773,489
78773,489
78774,6
78798,1093
78798,1093
78808,1
78808,1
78809,3
78809,3
78812,3
78812,3
78821,134
78821,134
78828,27
78828,27
78832,34
78832,34
78836,16
78836,16
78853,744
78854,60
78855,1088
78856,296
78857,1
78857,1
78858,4
78859,327
78860,196
78861,307
78864,1678
78867,1044
78903,80
78903,80
78913,355
78913,355
78933,2197
78933,2197
78992,62
78994,61
78994,61
78994,61
78994,61
78996,5
78997,82
78998,64
79000,35
79000,35
79000,35
79000,35
79001,36
79002,293
79003,38
79005,126
79006,129
79006,129
79007,8
79028,174
79028,174
79033,1
79033,1
79036,1
79036,1
79048,1260
79048,1260
79048,1260
79062,524
79062,524
79073,318
79074,3
79074,3
79078,21
79082,92
79085,1
79091,123
79097,243
79099,2
79120,424
79120,424
79121,21
79121,21
79124,1
79124,1
79126,117
79126,117
79152,393
79154,1070
79160,4
79161,59
79165,97
79165,97
79190,1
79190,1
79197,24
79197,24
79207,26
79207,26
79208,41
79208,41
79208,41
79233,1
79234,245
79235,1
79243,2
79243,2
79244,5
79245,764
79246,160
79247,1
79248,2
79277,13023
79281,335
79281,335
79294,208
79294,208
79318,163
79319,449
79322,118
79324,21
79325,128
79326,241
79327,355
79327,355
79336,240
79339,244
79339,244
79341,350
79341,350
79341,350
79342,1433
79342,1433
79348,1702
79361,1433
79361,1433
79364,51
79364,51
79364,51
79366,84
79366,84
79366,84
79367,99
79367,99
79368,51
79368,51
79368,51
79380,213
79380,213
79388,95
79388,95
79393,1
79393,1
79396,1
79396,1
79418,28
79419,89
79420,126
79431,75
79431,75
79431,75
79449,346
79449,346
79452,99
79452,99
79452,99
79456,1
79456,1
79456,1
79457,5
79457,5
79459,5
79459,5
79464,16
79464,16
79482,1952
79482,1952
79483,161
79483,161
79486,564
79486,564
79495,94
79495,94
79496,523
79496,523
79502,485
79502,485
79510,296
79510,296
79513,1457
79513,1457
79532,13
79532,13
79535,19
79535,19
79541,5
79541,5
79542,806
79543,35
79544,3
79545,126
79546,128
79552,199
79569,340
79569,340
79570,2
79570,2
79609,165
79609,165
79609,165
79613,65
79613,65
79624,788
79624,788
79631,3569
79631,3569
79664,1
79665,1
79665,1
79675,627
79677,3
79680,209
79681,54
79685,5
79687,1
79701,1
79701,1
79712,1
79712,1
79717,1639
79717,1639
79717,1639
79718,484
79724,918
79724,918
79741,692
79741,692
79755,44
79755,44
79755,44
79761,1
79767,37
79767,37
79774,2429
79774,2429
79774,2429
79774,2429
79774,2429
79780,64
79780,64
79784,246
79784,246
79825,701
79827,153
79835,15
79836,151
79837,5
79838,78
79839,56
79842,1
79846,32
79851,1
79851,1
79852,2
79866,180
79866,180
79866,180
79911,33
79911,33
79911,33
79915,409
79919,4
79923,763
79923,763
79926,718
79926,718
79926,718
79927,402
79927,402
79927,402
79945,403
79945,403
79945,403
79957,5196
79957,5196
79958,189
79958,189
79958,189
79959,1
79959,1
79987,700
79987,700
79994,113
80003,1
80005,17
80005,17
80008,2
80008,2
80009,27
80013,2
80015,121
80015,121
80018,457
80018,457
80018,457
80018,457
80018,457
80040,617
80040,617
80040,617
80040,617
80041,62
80041,62
80042,22655
80042,22655
80042,22655
80044,3
80044,3
80050,455
80050,455
80050,455
80055,1
80056,1
80072,238
80072,238
80084,2
80088,1
80095,470
80098,43
80098,43
80098,43
80102,1
80106,349
80106,349
80111,2
80125,1
80125,1
80129,101
80129,101
80129,101
80156,10
80156,10
80156,10
80156,10
80156,10
80162,83
80162,83
80182,1
80188,2
80189,2
80190,2
80190,2
80190,2
80192,235
80193,127
80203,1
80203,1
80215,1
80215,1
80217,42
80217,42
80217,42
80222,142
80222,142
80230,256
80230,256
80232,129
80232,129
80247,2
80277,1821
80277,1821
80290,828
80311,1
80313,2
80314,67
80315,2
80316,23
80348,4
80348,4
80374,1593
80374,1593
80386,107
80389,21
80389,21
80391,3
80393,242
80415,20
80422,4
80422,4
80433,67
80438,1
80438,1
80447,28
80447,28
80454,6
80461,1712
80461,1712
80472,41
80472,41
80475,100
80475,100
80485,200
80485,200
80489,133
80489,133
80490,22
80492,311
80492,311
80494,3
80494,3
80495,133
80495,133
80496,26
80496,26
80496,26
80503,763
80503,763
80512,1
80514,3
80518,2115
80532,1
80532,1
80539,3
80539,3
80539,3
80539,3
80539,3
80555,46
80555,46
80555,46
80556,417
80556,417
80557,417
80557,417
80564,1
80564,1
80575,3
80577,2
80594,48
80594,48
80608,91
80608,91
80609,214
80609,214
80623,65
80623,65
80628,1
80632,33
80634,268
80634,268
80634,268
80642,381
80642,381
80642,381
80661,88
80661,88
80667,451
80667,451
80673,133
80673,133
80673,133
80676,732
80676,732
80676,732
80679,6
80679,6
80689,133
80689,133
80689,133
80691,537
80691,537
80693,204
80693,204
80702,120
80702,120
80704,17
80707,2
80707,2
80710,210
80710,210
80719,182
80730,349
80730,349
80747,421
80747,421
80758,228
80758,228
80760,1
80760,1
80766,1
80766,1
80767,1
80767,1
80769,175
80769,175
80797,2008
80797,2008
80801,1
80803,4
80805,150
80811,1
80811,1
80815,94
80815,94
80819,2
80821,64
80821,64
80821,64
80822,77
80822,77
80826,77
80826,77
80847,453
80847,453
80870,138
80870,138
80870,138
80883,299
80885,1
80886,1
80887,1
80888,221
80889,139
80890,245
80890,245
80915,354
80915,354
80915,354
80930,1
80930,1
80953,1
80953,1
80961,2
80963,17
80964,898
80965,2
80968,1
80971,3
80974,2
80982,37
80982,37
80986,1
80986,1
80987,1
80987,1
80990,331
80990,331
80999,80
80999,80
81014,2
81014,2
81022,2379
81022,2379
81039,11
81039,11
81049,1592
81051,5
81053,6
81054,5
81055,10
81068,760
81068,760
81068,760
81068,760
81076,87
81076,87
81077,1
81077,1
81084,3
81084,3
81093,125
81093,125
81096,737
81096,737
81111,114
81111,114
81114,241
81114,241
81119,153
81119,153
81130,2
81130,2
81132,1
81136,223
81136,223
81142,31
81142,31
81144,1096
81145,1
81145,1
81152,1
81154,1
81155,3
81155,3
81155,3
81156,1
81157,790
81161,1981
81165,28
81165,28
81166,1
81166,1
81170,44
81170,44
81172,39
81172,39
81174,9490
81176,2
81177,9339
81183,43
81183,43
81184,3
81184,3
81190,4096
81190,4096
81192,252
81192,252
81205,98
81205,98
81207,261
81207,261
81210,31
81210,31
81222,13
81222,13
81226,204
81226,204
81229,222
81229,222
81243,6522
81247,6
81248,2
81249,2
81249,2
81249,2
81249,2
81249,2
81249,2
81249,2
81249,2
81249,2
81249,2
81251,2
81252,161
81252,161
81256,232
81256,232
81268,22
81279,35
81279,35
81297,75
81297,75
81298,977
81298,977
81298,977
81305,251
81305,251
81314,10
81314,10
81333,1
81333,1
81333,1
81333,1
81333,1
81333,1
81333,1
81334,126
81334,126
81335,2
81336,4
81337,3
81338,6
81339,13
81341,19
81343,5
81344,4
81345,2
81346,6
81347,4
81348,2
81363,1
81363,1
81376,674
81376,674
81382,172
81382,172
81397,29
81397,29
81400,1541
81400,1541
81402,1
81402,1
81405,2
81405,2
81422,40
81422,40
81439,153
81439,153
81443,6
81444,8
81449,4
81450,4
81451,1
81452,2
81453,17
81454,7
81456,327
